{"206b9c71":{"fs":{"nv":6,"key":[[14,-9,-7,7,-2,-7],[14,-10,12,11,12,1],[3,-14,9,0,-3,-1],[-10,9,8,-6,-10,9],[9,6,-6,-11,-12,13],[5,4,13,9,-7,2]],"enc":[[-0.1575782164158611,-0.0665250809561859,0.05689939663212368,-0.25659090965314374,0.08184676583438676,0.13284359685427383],[-0.16571960092125526,-0.07943261402514892,0.009496117319057605,-0.2243519175916739,0.05149036070959423,0.1393420469978798],[-0.1977235788447693,-0.07498404377694926,0.09020677533390557,-0.23800252825735765,0.04853660407044484,0.14608633429895274],[0.3217343548614527,0.150619633328468,-0.14280355786666526,0.4242351526726052,-0.11516187526439084,-0.181147351390665],[-0.07614705453070147,0.015821399150485742,-0.006987341396379802,-0.07677046045454206,0.010209508919404989,0.0011862029384188608],[0.29626871763917134,0.1901607620395268,-0.12942445037614622,0.45944274437141114,-0.06912384255537052,-0.2410394675321782]],"emsg":[["-4.99","-3.70","-2.52"],["-5.21","-3.55","-3.31"],["-5.68","-3.57","-2.58"],["9.64","6.51","4.42"],["-1.42","-0.66","-1.34"],["11.01","7.45","4.59"]],"dmsg":"a0eec401fdb3c00"},"info":{"nome":"aaaa","nmr":12,"sr":1}}}